milestone,global
25,0.1672137432100967
50,0.5021971389775738
75,0.6899178683352832
100,0.7139908283070622
250,0.8349832296184387
500,0.8817957928025574
750,0.9527659001926664
1000,0.9254714989427915
1250,0.9468166632054754
1500,0.9529099426806887
1750,0.9538337145077603
2000,0.9554320783949308
