milestone,global
25,0.4465408805031446
50,0.6524490184867543
75,0.7314949201741654
100,0.743347847121432
250,0.8633142661999488
500,0.9303220888126548
750,0.97514770344959
1000,0.9409203449159053
1250,0.948542024013722
1500,0.9635601295978653
1750,0.9621028866311885
2000,0.9658471507528109
